model,condition,group,dacc_pp,dconf_pp
Llama-3.1-8B-Instruct,C1,mainstream,-11.616161616161616,-7.656565656565657
Llama-3.1-8B-Instruct,C2,mainstream,-8.585858585858585,-7.595959595959596
Llama-3.1-8B-Instruct,C2,skeptical,-2.0202020202020203,-6.4646464646464645
Llama-3.1-8B-Instruct,C3,mainstream,-10.606060606060606,-4.338383838383838
Llama-3.1-8B-Instruct,C3,skeptical,7.07070707070707,-3.0303030303030303
Llama-3.1-8B-Instruct,C4,mainstream,-10.606060606060606,-4.146464646464646
Llama-3.1-8B-Instruct,C4,skeptical,16.666666666666664,-3.48989898989899
Llama-3.1-8B-Instruct,C5,mainstream,-9.595959595959595,-3.8333333333333335
Llama-3.1-8B-Instruct,C5,skeptical,0.0,-2.8585858585858586
Llama-3.1-8B-Instruct,C6,mainstream,-7.575757575757576,-3.5606060606060606
Llama-3.1-8B-Instruct,C6,skeptical,4.545454545454546,-3.0454545454545454
Qwen2.5-7B-Instruct,C1,mainstream,-10.1010101010101,-4.873737373737374
Qwen2.5-7B-Instruct,C2,mainstream,-10.1010101010101,-5.595959595959596
Qwen2.5-7B-Instruct,C2,skeptical,-9.090909090909092,-4.474747474747475
Qwen2.5-7B-Instruct,C3,mainstream,-7.575757575757576,-4.429292929292929
Qwen2.5-7B-Instruct,C3,skeptical,-31.818181818181817,1.1717171717171717
Qwen2.5-7B-Instruct,C4,mainstream,-6.565656565656567,-4.474747474747475
Qwen2.5-7B-Instruct,C4,skeptical,-30.808080808080806,1.7777777777777777
Qwen2.5-7B-Instruct,C5,mainstream,-9.090909090909092,-5.843434343434343
Qwen2.5-7B-Instruct,C5,skeptical,-31.818181818181817,4.404040404040404
Qwen2.5-7B-Instruct,C6,mainstream,-12.626262626262626,-6.888888888888889
Qwen2.5-7B-Instruct,C6,skeptical,-27.27272727272727,5.429292929292929
gemma-3-4b-it,C1,mainstream,-25.252525252525253,-0.494949494949495
gemma-3-4b-it,C2,mainstream,-33.33333333333333,0.3333333333333333
gemma-3-4b-it,C2,skeptical,11.11111111111111,-0.5
gemma-3-4b-it,C3,mainstream,-15.656565656565657,0.17676767676767677
gemma-3-4b-it,C3,skeptical,6.0606060606060606,-0.08585858585858586
gemma-3-4b-it,C4,mainstream,-30.303030303030305,1.4848484848484849
gemma-3-4b-it,C4,skeptical,11.616161616161616,-1.1616161616161615
gemma-3-4b-it,C5,mainstream,-18.181818181818183,0.6515151515151515
gemma-3-4b-it,C5,skeptical,0.5050505050505051,-0.3333333333333333
gemma-3-4b-it,C6,mainstream,-35.35353535353536,1.3484848484848484
gemma-3-4b-it,C6,skeptical,17.67676767676768,-1.47979797979798
