row,model,cond,group,n_claims,n_independent_pooled,mean_delta_pp,p_old_independent_mcnemar,p_new_perm,p_new_sign,p_new_wilcoxon,p_new_clusterboot,old,new,flips,p_clustered,p_holm,significant_clustered,significant_clustered_holm,direction
38,Llama-3.1-8B-Instruct,C1,m,99,195,-11.62,0.005918433252619306,0.016798320167983202,0.012660335802414213,0.017478843144230746,0.014598540145985401,Significant,Significant,,0.016798320167983202,0.31916808319168083,True,False,Deterioration
39,Qwen2.5-7B-Instruct,C1,m,99,195,-10.1,0.022574972673257185,0.0690930906909309,0.04355852192384191,0.07824818643309583,0.05449455054494551,Significant,n.s.,<<< FLIPS,0.0690930906909309,0.8135186481351866,False,False,Deterioration
40,gemma-3-4b-it,C1,m,99,195,-25.25,5.6029313850528654e-08,9.999000099990002e-05,4.475224849487538e-06,9.342829927631643e-06,9.999000099990002e-05,Significant,Significant,,9.999000099990002e-05,0.0032996700329967006,True,True,Deterioration
41,Llama-3.1-8B-Instruct,C2,m,99,195,-8.59,0.036343179957053884,0.0683931606839316,0.06490864707227217,0.0554788079635867,0.05069493050694931,Significant,n.s.,<<< FLIPS,0.0683931606839316,0.8135186481351866,False,False,Deterioration
42,Llama-3.1-8B-Instruct,C2,s,99,195,-2.02,0.5831321542611763,0.7331266873312668,0.651587827208914,0.664291056836341,0.6494350564943505,n.s.,n.s.,,0.7331266873312668,1.0,False,False,Deterioration
43,Llama-3.1-8B-Instruct,C2,b,198,390,-5.3,0.04673506819395992,0.10418958104189581,0.07897554800108206,0.09595281314335595,0.08999100089991001,Significant,n.s.,<<< FLIPS,0.10418958104189581,,False,False,Deterioration
44,Qwen2.5-7B-Instruct,C2,m,99,195,-10.1,0.018337087779101986,0.05679432056794321,0.05958388801809633,0.050089610798359434,0.04079592040795921,Significant,n.s.,<<< FLIPS,0.05679432056794321,0.7383261673832617,False,False,Deterioration
45,Qwen2.5-7B-Instruct,C2,s,99,195,-9.09,0.036343179957053884,0.08959104089591041,0.11727520595741225,0.07101144798783314,0.06409359064093591,Significant,n.s.,<<< FLIPS,0.08959104089591041,0.8135186481351866,False,False,Deterioration
46,Qwen2.5-7B-Instruct,C2,b,198,390,-9.6,0.0011783931030854508,0.0084991500849915,0.010637487878147722,0.007833355565769294,0.006399360063993601,Significant,Significant,,0.0084991500849915,,True,False,Deterioration
47,gemma-3-4b-it,C2,m,99,195,-33.33,1.2129874896305887e-09,9.999000099990002e-05,1.6913617102985627e-05,5.386851811583085e-06,9.999000099990002e-05,Significant,Significant,,9.999000099990002e-05,0.0032996700329967006,True,True,Deterioration
48,gemma-3-4b-it,C2,s,99,195,11.11,0.011526409654363478,0.024197580241975804,0.015134080997447081,0.01911898457820468,0.014798520147985201,Significant,Significant,,0.024197580241975804,0.38716128387161286,True,False,Improvement
49,gemma-3-4b-it,C2,b,198,390,-11.11,0.0020485721433264187,0.0112988701129887,0.16825920465992433,0.003986746505267311,0.008799120087991202,Significant,Significant,,0.0112988701129887,,True,False,Deterioration
50,Llama-3.1-8B-Instruct,C3,m,99,195,-10.61,0.003838265880326096,0.020397960203979604,0.003657766827927844,0.025512904337425923,0.015398460153984602,Significant,Significant,,0.020397960203979604,0.34676532346765326,True,False,Deterioration
51,Llama-3.1-8B-Instruct,C3,s,99,195,7.07,0.10342187831608088,0.17528247175282471,0.021294114141387155,0.2433993430355611,0.1463853614638536,n.s.,n.s.,,0.17528247175282471,0.9267073292670733,False,False,Improvement
52,Llama-3.1-8B-Instruct,C3,b,198,390,-1.77,0.5194908187566276,0.6526347365263474,0.8358461346314859,0.5614179632303804,0.5980401959804019,n.s.,n.s.,,0.6526347365263474,,False,False,Deterioration
53,Qwen2.5-7B-Instruct,C3,m,99,195,-7.58,0.035697803555194696,0.06779322067793221,0.013852965261321515,0.06512082029247039,0.04999500049995,Significant,n.s.,<<< FLIPS,0.06779322067793221,0.8135186481351866,False,False,Deterioration
54,Qwen2.5-7B-Instruct,C3,s,99,195,-31.82,6.801200228001569e-16,9.999000099990002e-05,8.654978955746628e-10,1.6602032920414104e-08,9.999000099990002e-05,Significant,Significant,,9.999000099990002e-05,0.0032996700329967006,True,True,Deterioration
55,Qwen2.5-7B-Instruct,C3,b,198,390,-19.7,1.3432499592767575e-13,9.999000099990002e-05,6.802593482929839e-10,1.2903726062933247e-08,9.999000099990002e-05,Significant,Significant,,9.999000099990002e-05,,True,False,Deterioration
56,gemma-3-4b-it,C3,m,99,195,-15.66,0.001220382068677551,0.0030996900309969004,9.612986582365388e-05,0.0028565433211821247,0.0016998300169983002,Significant,Significant,,0.0030996900309969004,0.06819318068193181,True,False,Deterioration
57,gemma-3-4b-it,C3,s,99,195,6.06,0.06524533522315325,0.13238676132386762,0.0191572904586792,0.16864824176650317,0.0963903609639036,n.s.,n.s.,,0.13238676132386762,0.9267073292670733,False,False,Improvement
58,gemma-3-4b-it,C3,b,198,390,-4.8,0.11721294197631478,0.1493850614938506,0.04604406692934271,0.15418708297462713,0.1277872212778722,n.s.,n.s.,,0.1493850614938506,,False,False,Deterioration
59,Llama-3.1-8B-Instruct,C4,m,99,195,-10.61,0.003185253447776759,0.018698130186981302,0.002887247974285856,0.02452956121085902,0.014998500149985002,Significant,Significant,,0.018698130186981302,0.33656634336566343,True,False,Deterioration
60,Llama-3.1-8B-Instruct,C4,s,99,195,16.67,4.453448771493584e-05,0.0034996500349965005,0.00015641720852954677,0.007685034375154354,0.0012998700129987,Significant,Significant,,0.0034996500349965005,0.07349265073492652,True,False,Improvement
61,Llama-3.1-8B-Instruct,C4,b,198,390,3.03,0.3153033008322579,0.4276572342765723,0.59428829514694,0.35447167347669484,0.37696230376962303,n.s.,n.s.,,0.4276572342765723,,False,False,Improvement
62,Qwen2.5-7B-Instruct,C4,m,99,195,-6.57,0.07245426016254441,0.13758624137586242,0.040959591511636986,0.1462123108114485,0.10978902109789021,n.s.,n.s.,,0.13758624137586242,0.9267073292670733,False,False,Deterioration
63,Qwen2.5-7B-Instruct,C4,s,99,195,-30.81,5.377642775528102e-17,9.999000099990002e-05,5.529727786779404e-10,4.697191799418374e-08,9.999000099990002e-05,Significant,Significant,,9.999000099990002e-05,0.0032996700329967006,True,True,Deterioration
64,Qwen2.5-7B-Instruct,C4,b,198,390,-18.69,5.912079008704511e-13,9.999000099990002e-05,8.055498526741105e-09,1.2780459132239559e-07,9.999000099990002e-05,Significant,Significant,,9.999000099990002e-05,,True,False,Deterioration
65,gemma-3-4b-it,C4,m,99,195,-30.3,5.489868446239806e-09,9.999000099990002e-05,9.612986582365388e-05,3.929824723652818e-06,9.999000099990002e-05,Significant,Significant,,9.999000099990002e-05,0.0032996700329967006,True,True,Deterioration
66,gemma-3-4b-it,C4,s,99,195,11.62,0.0006795482549932785,0.0026997300269973002,0.00019512558355927467,0.003031904529505276,0.0008999100089991,Significant,Significant,,0.0026997300269973002,0.06209379062093791,True,False,Improvement
67,gemma-3-4b-it,C4,b,198,390,-9.34,0.002244365752749716,0.0165983401659834,0.2897982154050616,0.005152604316078004,0.015198480151984802,Significant,Significant,,0.0165983401659834,,True,False,Deterioration
68,Llama-3.1-8B-Instruct,C5,m,99,195,-9.6,0.0077874363057435225,0.0341965803419658,0.0137181850586785,0.03340526945557481,0.021897810218978103,Significant,Significant,,0.0341965803419658,0.512948705129487,True,False,Deterioration
69,Llama-3.1-8B-Instruct,C5,s,99,195,0.0,1.0,1.0,0.417692190836533,0.802529069638838,1.0,n.s.,n.s.,,1.0,1.0,False,False,No change
70,Llama-3.1-8B-Instruct,C5,b,198,390,-4.8,0.05940053690343337,0.13238676132386762,0.2664123096713203,0.10466500343736194,0.11958804119588042,n.s.,n.s.,,0.13238676132386762,,False,False,Deterioration
71,Qwen2.5-7B-Instruct,C5,m,99,195,-9.09,0.024092907698449295,0.042995700429957005,0.007915897334896727,0.0490644247134908,0.0313968603139686,Significant,Significant,,0.042995700429957005,0.6019398060193981,True,False,Deterioration
72,Qwen2.5-7B-Instruct,C5,s,99,195,-31.82,2.2562247209423347e-16,9.999000099990002e-05,1.0244548320770264e-08,2.7895536938673863e-08,9.999000099990002e-05,Significant,Significant,,9.999000099990002e-05,0.0032996700329967006,True,True,Deterioration
73,Qwen2.5-7B-Instruct,C5,b,198,390,-20.45,1.446747778667985e-13,9.999000099990002e-05,5.194941262584353e-09,2.6792601540699808e-08,9.999000099990002e-05,Significant,Significant,,9.999000099990002e-05,,True,False,Deterioration
74,gemma-3-4b-it,C5,m,99,195,-18.18,0.00015455941078329168,0.00039996000399960006,4.713242239575157e-06,0.00046244218498902077,0.00019998000199980003,Significant,Significant,,0.00039996000399960006,0.009599040095990401,True,True,Deterioration
75,gemma-3-4b-it,C5,s,99,195,0.51,1.0,1.0,0.42435622215270996,0.835219149785029,0.8976102389761024,n.s.,n.s.,,1.0,1.0,False,False,Improvement
76,gemma-3-4b-it,C5,b,198,390,-8.84,0.002446856762814173,0.0072992700729927005,0.000641248502169594,0.009205292810320573,0.0046995300469953,Significant,Significant,,0.0072992700729927005,,True,False,Deterioration
77,Llama-3.1-8B-Instruct,C6,m,99,195,-7.58,0.029304946720529308,0.08789121087891211,0.03847730828420026,0.08135857180414459,0.06429357064293571,Significant,n.s.,<<< FLIPS,0.08789121087891211,0.8135186481351866,False,False,Deterioration
78,Llama-3.1-8B-Instruct,C6,s,99,195,4.55,0.22032849417661093,0.40145985401459855,0.14330665429588407,0.4956882266069875,0.33826617338266174,n.s.,n.s.,,0.40145985401459855,1.0,False,False,Improvement
79,Llama-3.1-8B-Instruct,C6,b,198,390,-1.52,0.6207676687971156,0.6893310668933107,0.7343420330298466,0.6325202079123442,0.6322367763223677,n.s.,n.s.,,0.6893310668933107,,False,False,Deterioration
80,Qwen2.5-7B-Instruct,C6,m,99,195,-12.63,0.0006210434562277101,0.0058994100589941,0.0016580525261815637,0.007346497651098889,0.0026997300269973002,Significant,Significant,,0.0058994100589941,0.11798820117988201,True,False,Deterioration
81,Qwen2.5-7B-Instruct,C6,s,99,195,-27.27,4.440892098500626e-16,9.999000099990002e-05,3.725290298461914e-09,3.241840165392993e-07,9.999000099990002e-05,Significant,Significant,,9.999000099990002e-05,0.0032996700329967006,True,True,Deterioration
82,Qwen2.5-7B-Instruct,C6,b,198,390,-19.95,2.4570971290651306e-15,9.999000099990002e-05,6.811497890247055e-10,1.9268317766331863e-08,9.999000099990002e-05,Significant,Significant,,9.999000099990002e-05,,True,False,Deterioration
83,gemma-3-4b-it,C6,m,99,195,-35.35,4.946255984389221e-12,9.999000099990002e-05,1.0289941458812896e-07,3.9003573678563233e-07,9.999000099990002e-05,Significant,Significant,,9.999000099990002e-05,0.0032996700329967006,True,True,Deterioration
84,gemma-3-4b-it,C6,s,99,195,17.68,5.820766091346741e-11,9.999000099990002e-05,9.313225746154785e-10,1.186861294680906e-07,9.999000099990002e-05,Significant,Significant,,9.999000099990002e-05,0.0032996700329967006,True,True,Improvement
85,gemma-3-4b-it,C6,b,198,390,-8.84,0.005102556809829763,0.0202979702029797,0.23230046428473872,0.007847741564142138,0.0197980201979802,Significant,Significant,,0.0202979702029797,,True,False,Deterioration
