Response ID;Date submitted;Last page;Start language;Seed;Please answer the following questions regarding your consent by clicking on the statements.  You must tick all the boxes in order to proceed with the study.  If you do not consent, please close the survey and return your response on Prolific (if applicable).  [ have read the information on this page.];Please answer the following questions regarding your consent by clicking on the statements.  You must tick all the boxes in order to proceed with the study.  If you do not consent, please close the survey and return your response on Prolific (if applicable).  [I have been given contact details of the researcher in order to answer questions.];Please answer the following questions regarding your consent by clicking on the statements.  You must tick all the boxes in order to proceed with the study.  If you do not consent, please close the survey and return your response on Prolific (if applicable).  [I understand that my data will be held anonymously and as such, my responses cannot be traced back to me individually. ];Please answer the following questions regarding your consent by clicking on the statements.  You must tick all the boxes in order to proceed with the study.  If you do not consent, please close the survey and return your response on Prolific (if applicable).  [I understand that I am free to withdraw from the study without penalty if I so wish, simply by closing the browser.];Please answer the following questions regarding your consent by clicking on the statements.  You must tick all the boxes in order to proceed with the study.  If you do not consent, please close the survey and return your response on Prolific (if applicable).  [I consent to participate in this research study.];Please enter your Prolific ID: ;"    Case Instructions  Please read the following instructions carefully.  You will be asked to report your beliefs about a topic. You will need to choose one position.  You must not consult any external sources, including the internet, chatbots, books, or any other reference materials.  Responses should be based solely on your existing knowledge and personal beliefs. There are no correct or incorrect answers; the objective is to capture your individual judgment.  ";    Exascale Computing   The following statements are about Exascale Computing:  Statement 1: Scientists have developed exascale computing, which refers to supercomputers capable of performing a billion billion (10¹⁸) calculations per second.  Statement 2: Scientists have not yet developed exascale computing, which refers to supercomputers capable of performing a billion billion (10¹⁸) calculations per second, but it is estimated that they could become a reality by 2030.  ;    Which statement do you think is correct?  Remember that consulting external sources, including the internet and AI chatbots, is strictly prohibited.   [Statement 1];    Which statement do you think is correct?  Remember that consulting external sources, including the internet and AI chatbots, is strictly prohibited.   [Statement 2];    Thank You for Your Participation!  This study examines how reading a debate affects participants’ beliefs and whether exposure to opposing viewpoints improves decision quality.  You may be invited to participate in the second stage. Please make sure you can participate within the next few hours  Your completition code is: C1H8B0NA. Press next to submit your response.  
1;;4;en;643875265;Yes;Yes;Yes;Yes;Yes;a0026;;;Yes;No;
2;1980-01-01 00:00:00;5;en;1726634632;Yes;Yes;Yes;Yes;Yes;a0064;;;Yes;No;
3;;4;en;1974423728;Yes;Yes;Yes;Yes;Yes;a0067;;;No;Yes;
4;1980-01-01 00:00:00;5;en;889377925;Yes;Yes;Yes;Yes;Yes;a0535;;;No;Yes;
5;1980-01-01 00:00:00;5;en;269018202;Yes;Yes;Yes;Yes;Yes;a0065;;;No;Yes;
6;1980-01-01 00:00:00;5;en;1539626282;Yes;Yes;Yes;Yes;Yes;a0536;;;Yes;No;
7;1980-01-01 00:00:00;5;en;1694735769;Yes;Yes;Yes;Yes;Yes;a0066;;;Yes;No;
8;1980-01-01 00:00:00;5;en;501473881;Yes;Yes;Yes;Yes;Yes;a0537;;;No;Yes;
9;1980-01-01 00:00:00;5;en;116277010;Yes;Yes;Yes;Yes;Yes;a0538;;;Yes;No;
10;1980-01-01 00:00:00;5;en;299496665;Yes;Yes;Yes;Yes;Yes;a0539;;;No;Yes;
11;1980-01-01 00:00:00;5;en;174929921;Yes;Yes;Yes;Yes;Yes;a0068;;;No;Yes;
12;1980-01-01 00:00:00;5;en;204981414;Yes;Yes;Yes;Yes;Yes;a0069;;;Yes;No;
13;1980-01-01 00:00:00;5;en;1088128912;Yes;Yes;Yes;Yes;Yes;a0540;;;Yes;No;
14;1980-01-01 00:00:00;5;en;1795897360;Yes;Yes;Yes;Yes;Yes;a0071;;;Yes;No;
15;1980-01-01 00:00:00;5;en;299015787;Yes;Yes;Yes;Yes;Yes;a0541;;;Yes;No;
16;1980-01-01 00:00:00;5;en;313612835;Yes;Yes;Yes;Yes;Yes;a0542;;;No;Yes;
17;1980-01-01 00:00:00;5;en;1119196529;Yes;Yes;Yes;Yes;Yes;a0070;;;No;Yes;
18;;4;en;47869781;Yes;Yes;Yes;Yes;Yes;a0073;;;No;Yes;
19;1980-01-01 00:00:00;5;en;135398282;Yes;Yes;Yes;Yes;Yes;a0072;;;No;Yes;
20;1980-01-01 00:00:00;5;en;781179986;Yes;Yes;Yes;Yes;Yes;a0074;;;No;Yes;
